Poussée (kN),Isp (s),Pc (bar),ṁ total (kg/s),ṁ N₂O (kg/s),ṁ Éthanol (kg/s),V̇ N₂O (L/s),V̇ Éthanol (L/s),P N₂O (kW),P Éthanol (kW),P total (kW)
200.0,285.0,20,71.55903248967918,47.70602165978612,23.85301082989306,63.60802887971482,31.80401443985741,97.85850596879204,83.61328041637293,181.471786385165
200.0,285.0,40,71.55903248967918,47.70602165978612,23.85301082989306,63.60802887971482,31.80401443985741,293.5755179063761,176.516925323454,470.0924432298301
200.0,285.0,60,71.55903248967918,47.70602165978612,23.85301082989306,63.60802887971482,31.80401443985741,489.2925298439602,269.420570230535,758.7131000744953
