Poussée (kN),Isp (s),Pc (bar),ṁ total (kg/s),ṁ N₂O (kg/s),ṁ Éthanol (kg/s),V̇ N₂O (L/s),V̇ Éthanol (L/s),P N₂O (kW),P Éthanol (kW),P total (kW)
100.0,285.0,20,35.77951624483959,23.85301082989306,11.92650541494653,31.80401443985741,15.902007219928706,48.92925298439602,41.806640208186465,90.7358931925825
100.0,285.0,40,35.77951624483959,23.85301082989306,11.92650541494653,31.80401443985741,15.902007219928706,146.78775895318805,88.258462661727,235.04622161491505
100.0,285.0,60,35.77951624483959,23.85301082989306,11.92650541494653,31.80401443985741,15.902007219928706,244.6462649219801,134.7102851152675,379.35655003724764
