Poussée (kN),Isp (s),Pc (bar),ṁ total (kg/s),ṁ N₂O (kg/s),ṁ Éthanol (kg/s),V̇ N₂O (L/s),V̇ Éthanol (L/s),P N₂O (kW),P Éthanol (kW),P total (kW)
50.0,285.0,20,17.889758122419796,11.92650541494653,5.963252707473265,15.902007219928706,7.951003609964353,24.46462649219801,20.903320104093233,45.36794659629125
50.0,285.0,40,17.889758122419796,11.92650541494653,5.963252707473265,15.902007219928706,7.951003609964353,73.39387947659402,44.1292313308635,117.52311080745753
50.0,285.0,60,17.889758122419796,11.92650541494653,5.963252707473265,15.902007219928706,7.951003609964353,122.32313246099005,67.35514255763376,189.67827501862382
