Poussée (kN),Isp (s),Pc (bar),ṁ total (kg/s),ṁ N₂O (kg/s),ṁ Éthanol (kg/s),V̇ N₂O (L/s),V̇ Éthanol (L/s),P N₂O (kW),P Éthanol (kW),P total (kW)
200.0,300.0,20,67.98108086519522,45.320720576796816,22.660360288398408,60.427627435729086,30.213813717864543,92.96558067035244,79.4326163955543,172.39819706590674
200.0,300.0,40,67.98108086519522,45.320720576796816,22.660360288398408,60.427627435729086,30.213813717864543,278.8967420110573,167.69107905728129,446.5878210683386
200.0,300.0,60,67.98108086519522,45.320720576796816,22.660360288398408,60.427627435729086,30.213813717864543,464.8279033517622,255.9495417190083,720.7774450707705
