Poussée (kN),Isp (s),Pc (bar),ṁ total (kg/s),ṁ N₂O (kg/s),ṁ Éthanol (kg/s),V̇ N₂O (L/s),V̇ Éthanol (L/s),P N₂O (kW),P Éthanol (kW),P total (kW)
100.0,270.0,20,37.767267147330685,25.178178098220457,12.589089049110228,33.570904130960606,16.785452065480303,51.64754481686247,44.129231330863504,95.77677614772597
100.0,270.0,40,37.767267147330685,25.178178098220457,12.589089049110228,33.570904130960606,16.785452065480303,154.94263445058743,93.16171058737852,248.10434503796597
100.0,270.0,60,37.767267147330685,25.178178098220457,12.589089049110228,33.570904130960606,16.785452065480303,258.23772408431233,142.19418984389353,400.43191392820586
