Poussée (kN),Isp (s),Pc (bar),ṁ total (kg/s),ṁ N₂O (kg/s),ṁ Éthanol (kg/s),V̇ N₂O (L/s),V̇ Éthanol (L/s),P N₂O (kW),P Éthanol (kW),P total (kW)
100.0,300.0,20,33.99054043259761,22.660360288398408,11.330180144199204,30.213813717864543,15.106906858932271,46.48279033517622,39.71630819777715,86.19909853295337
100.0,300.0,40,33.99054043259761,22.660360288398408,11.330180144199204,30.213813717864543,15.106906858932271,139.44837100552866,83.84553952864064,223.2939105341693
100.0,300.0,60,33.99054043259761,22.660360288398408,11.330180144199204,30.213813717864543,15.106906858932271,232.4139516758811,127.97477085950415,360.3887225353852
