Poussée (kN),Isp (s),Pc (bar),ṁ total (kg/s),ṁ N₂O (kg/s),ṁ Éthanol (kg/s),V̇ N₂O (L/s),V̇ Éthanol (L/s),P N₂O (kW),P Éthanol (kW),P total (kW)
50.0,270.0,20,18.883633573665342,12.589089049110228,6.294544524555114,16.785452065480303,8.392726032740152,25.823772408431235,22.064615665431752,47.888388073862984
50.0,270.0,40,18.883633573665342,12.589089049110228,6.294544524555114,16.785452065480303,8.392726032740152,77.47131722529372,46.58085529368926,124.05217251898299
50.0,270.0,60,18.883633573665342,12.589089049110228,6.294544524555114,16.785452065480303,8.392726032740152,129.11886204215617,71.09709492194676,200.21595696410293
